model_id,audit_id,image_id,rule_id,final_answer_label,predicted_answer,answer_correct,final_ambiguous,final_label_source,florence_bootstrap_disagreement
model_assisted_bootstrap,audit_001_0001,0000925,fall_harness,violation,violation,true,yes,dual_annotator_agreement,True
florence_grounding,audit_001_0001,0000925,fall_harness,violation,compliant,false,yes,dual_annotator_agreement,True
ai_annotator_1,audit_001_0001,0000925,fall_harness,violation,violation,true,yes,dual_annotator_agreement,True
ai_annotator_2,audit_001_0001,0000925,fall_harness,violation,violation,true,yes,dual_annotator_agreement,True
model_assisted_bootstrap,audit_001_0002,0001392,fall_harness,violation,violation,true,yes,dual_annotator_agreement,True
florence_grounding,audit_001_0002,0001392,fall_harness,violation,compliant,false,yes,dual_annotator_agreement,True
ai_annotator_1,audit_001_0002,0001392,fall_harness,violation,violation,true,yes,dual_annotator_agreement,True
ai_annotator_2,audit_001_0002,0001392,fall_harness,violation,violation,true,yes,dual_annotator_agreement,True
model_assisted_bootstrap,audit_001_0003,0001900,fall_harness,violation,violation,true,yes,dual_annotator_agreement,True
florence_grounding,audit_001_0003,0001900,fall_harness,violation,compliant,false,yes,dual_annotator_agreement,True
ai_annotator_1,audit_001_0003,0001900,fall_harness,violation,violation,true,yes,dual_annotator_agreement,True
ai_annotator_2,audit_001_0003,0001900,fall_harness,violation,violation,true,yes,dual_annotator_agreement,True
model_assisted_bootstrap,audit_001_0004,0004492,fall_harness,violation,violation,true,yes,dual_annotator_agreement,True
florence_grounding,audit_001_0004,0004492,fall_harness,violation,compliant,false,yes,dual_annotator_agreement,True
ai_annotator_1,audit_001_0004,0004492,fall_harness,violation,violation,true,yes,dual_annotator_agreement,True
ai_annotator_2,audit_001_0004,0004492,fall_harness,violation,violation,true,yes,dual_annotator_agreement,True
model_assisted_bootstrap,audit_001_0005,0004831,fall_harness,violation,violation,true,yes,dual_annotator_agreement,True
florence_grounding,audit_001_0005,0004831,fall_harness,violation,compliant,false,yes,dual_annotator_agreement,True
ai_annotator_1,audit_001_0005,0004831,fall_harness,violation,violation,true,yes,dual_annotator_agreement,True
ai_annotator_2,audit_001_0005,0004831,fall_harness,violation,violation,true,yes,dual_annotator_agreement,True
model_assisted_bootstrap,audit_001_0006,0000193,guardrail_edge,violation,violation,true,no,dual_annotator_agreement,True
florence_grounding,audit_001_0006,0000193,guardrail_edge,violation,compliant,false,no,dual_annotator_agreement,True
ai_annotator_1,audit_001_0006,0000193,guardrail_edge,violation,violation,true,no,dual_annotator_agreement,True
ai_annotator_2,audit_001_0006,0000193,guardrail_edge,violation,violation,true,no,dual_annotator_agreement,True
model_assisted_bootstrap,audit_001_0007,0000443,guardrail_edge,violation,violation,true,yes,dual_annotator_agreement,True
florence_grounding,audit_001_0007,0000443,guardrail_edge,violation,compliant,false,yes,dual_annotator_agreement,True
ai_annotator_1,audit_001_0007,0000443,guardrail_edge,violation,violation,true,yes,dual_annotator_agreement,True
ai_annotator_2,audit_001_0007,0000443,guardrail_edge,violation,violation,true,yes,dual_annotator_agreement,True
model_assisted_bootstrap,audit_001_0008,0000468,guardrail_edge,violation,violation,true,yes,dual_annotator_agreement,True
florence_grounding,audit_001_0008,0000468,guardrail_edge,violation,compliant,false,yes,dual_annotator_agreement,True
ai_annotator_1,audit_001_0008,0000468,guardrail_edge,violation,violation,true,yes,dual_annotator_agreement,True
ai_annotator_2,audit_001_0008,0000468,guardrail_edge,violation,violation,true,yes,dual_annotator_agreement,True
model_assisted_bootstrap,audit_001_0009,0000478,guardrail_edge,violation,violation,true,no,dual_annotator_agreement,True
florence_grounding,audit_001_0009,0000478,guardrail_edge,violation,compliant,false,no,dual_annotator_agreement,True
ai_annotator_1,audit_001_0009,0000478,guardrail_edge,violation,violation,true,no,dual_annotator_agreement,True
ai_annotator_2,audit_001_0009,0000478,guardrail_edge,violation,violation,true,no,dual_annotator_agreement,True
model_assisted_bootstrap,audit_001_0010,0000606,guardrail_edge,violation,violation,true,no,dual_annotator_agreement,True
florence_grounding,audit_001_0010,0000606,guardrail_edge,violation,compliant,false,no,dual_annotator_agreement,True
ai_annotator_1,audit_001_0010,0000606,guardrail_edge,violation,violation,true,no,dual_annotator_agreement,True
ai_annotator_2,audit_001_0010,0000606,guardrail_edge,violation,violation,true,no,dual_annotator_agreement,True
model_assisted_bootstrap,audit_001_0011,0000871,guardrail_edge,violation,violation,true,yes,dual_annotator_agreement,True
florence_grounding,audit_001_0011,0000871,guardrail_edge,violation,compliant,false,yes,dual_annotator_agreement,True
ai_annotator_1,audit_001_0011,0000871,guardrail_edge,violation,violation,true,yes,dual_annotator_agreement,True
ai_annotator_2,audit_001_0011,0000871,guardrail_edge,violation,violation,true,yes,dual_annotator_agreement,True
model_assisted_bootstrap,audit_001_0012,0000005,ppe_hard_hat,violation,violation,true,yes,dual_annotator_agreement,True
florence_grounding,audit_001_0012,0000005,ppe_hard_hat,violation,compliant,false,yes,dual_annotator_agreement,True
ai_annotator_1,audit_001_0012,0000005,ppe_hard_hat,violation,violation,true,yes,dual_annotator_agreement,True
ai_annotator_2,audit_001_0012,0000005,ppe_hard_hat,violation,violation,true,yes,dual_annotator_agreement,True
model_assisted_bootstrap,audit_001_0013,0000046,ppe_hard_hat,compliant,violation,false,yes,dual_annotator_agreement,True
florence_grounding,audit_001_0013,0000046,ppe_hard_hat,compliant,compliant,true,yes,dual_annotator_agreement,True
ai_annotator_1,audit_001_0013,0000046,ppe_hard_hat,compliant,compliant,true,yes,dual_annotator_agreement,True
ai_annotator_2,audit_001_0013,0000046,ppe_hard_hat,compliant,compliant,true,yes,dual_annotator_agreement,True
model_assisted_bootstrap,audit_001_0014,0000059,ppe_hard_hat,violation,violation,true,no,dual_annotator_agreement,True
florence_grounding,audit_001_0014,0000059,ppe_hard_hat,violation,compliant,false,no,dual_annotator_agreement,True
ai_annotator_1,audit_001_0014,0000059,ppe_hard_hat,violation,violation,true,no,dual_annotator_agreement,True
ai_annotator_2,audit_001_0014,0000059,ppe_hard_hat,violation,violation,true,no,dual_annotator_agreement,True
model_assisted_bootstrap,audit_001_0015,0000068,ppe_hard_hat,violation,violation,true,no,returned_adjudication,True
florence_grounding,audit_001_0015,0000068,ppe_hard_hat,violation,compliant,false,no,returned_adjudication,True
ai_annotator_1,audit_001_0015,0000068,ppe_hard_hat,violation,uncertain,false,no,returned_adjudication,True
ai_annotator_2,audit_001_0015,0000068,ppe_hard_hat,violation,compliant,false,no,returned_adjudication,True
model_assisted_bootstrap,audit_001_0016,0000072,ppe_hard_hat,violation,violation,true,yes,dual_annotator_agreement,True
florence_grounding,audit_001_0016,0000072,ppe_hard_hat,violation,compliant,false,yes,dual_annotator_agreement,True
ai_annotator_1,audit_001_0016,0000072,ppe_hard_hat,violation,violation,true,yes,dual_annotator_agreement,True
ai_annotator_2,audit_001_0016,0000072,ppe_hard_hat,violation,violation,true,yes,dual_annotator_agreement,True
model_assisted_bootstrap,audit_001_0017,0000095,ppe_hard_hat,uncertain,violation,false,yes,dual_annotator_agreement,True
florence_grounding,audit_001_0017,0000095,ppe_hard_hat,uncertain,compliant,false,yes,dual_annotator_agreement,True
ai_annotator_1,audit_001_0017,0000095,ppe_hard_hat,uncertain,uncertain,true,yes,dual_annotator_agreement,True
ai_annotator_2,audit_001_0017,0000095,ppe_hard_hat,uncertain,uncertain,true,yes,dual_annotator_agreement,True
model_assisted_bootstrap,audit_001_0018,0000102,ppe_hard_hat,violation,violation,true,no,dual_annotator_agreement,True
florence_grounding,audit_001_0018,0000102,ppe_hard_hat,violation,compliant,false,no,dual_annotator_agreement,True
ai_annotator_1,audit_001_0018,0000102,ppe_hard_hat,violation,violation,true,no,dual_annotator_agreement,True
ai_annotator_2,audit_001_0018,0000102,ppe_hard_hat,violation,violation,true,no,dual_annotator_agreement,True
model_assisted_bootstrap,audit_001_0019,0000116,ppe_hard_hat,violation,violation,true,no,dual_annotator_agreement,True
florence_grounding,audit_001_0019,0000116,ppe_hard_hat,violation,compliant,false,no,dual_annotator_agreement,True
ai_annotator_1,audit_001_0019,0000116,ppe_hard_hat,violation,violation,true,no,dual_annotator_agreement,True
ai_annotator_2,audit_001_0019,0000116,ppe_hard_hat,violation,violation,true,no,dual_annotator_agreement,True
model_assisted_bootstrap,audit_001_0020,0000118,ppe_hard_hat,violation,violation,true,yes,dual_annotator_agreement,True
florence_grounding,audit_001_0020,0000118,ppe_hard_hat,violation,compliant,false,yes,dual_annotator_agreement,True
ai_annotator_1,audit_001_0020,0000118,ppe_hard_hat,violation,violation,true,yes,dual_annotator_agreement,True
ai_annotator_2,audit_001_0020,0000118,ppe_hard_hat,violation,violation,true,yes,dual_annotator_agreement,True
model_assisted_bootstrap,audit_001_0021,0000229,ppe_hard_hat,violation,violation,true,no,dual_annotator_agreement,True
florence_grounding,audit_001_0021,0000229,ppe_hard_hat,violation,compliant,false,no,dual_annotator_agreement,True
ai_annotator_1,audit_001_0021,0000229,ppe_hard_hat,violation,violation,true,no,dual_annotator_agreement,True
ai_annotator_2,audit_001_0021,0000229,ppe_hard_hat,violation,violation,true,no,dual_annotator_agreement,True
model_assisted_bootstrap,audit_001_0022,0000328,ppe_hard_hat,violation,violation,true,yes,dual_annotator_agreement,True
florence_grounding,audit_001_0022,0000328,ppe_hard_hat,violation,compliant,false,yes,dual_annotator_agreement,True
ai_annotator_1,audit_001_0022,0000328,ppe_hard_hat,violation,violation,true,yes,dual_annotator_agreement,True
ai_annotator_2,audit_001_0022,0000328,ppe_hard_hat,violation,violation,true,yes,dual_annotator_agreement,True
model_assisted_bootstrap,audit_001_0023,0000386,ppe_hard_hat,compliant,violation,false,no,dual_annotator_agreement,True
florence_grounding,audit_001_0023,0000386,ppe_hard_hat,compliant,compliant,true,no,dual_annotator_agreement,True
ai_annotator_1,audit_001_0023,0000386,ppe_hard_hat,compliant,compliant,true,no,dual_annotator_agreement,True
ai_annotator_2,audit_001_0023,0000386,ppe_hard_hat,compliant,compliant,true,no,dual_annotator_agreement,True
model_assisted_bootstrap,audit_001_0024,0000398,ppe_hard_hat,violation,violation,true,yes,dual_annotator_agreement,True
florence_grounding,audit_001_0024,0000398,ppe_hard_hat,violation,compliant,false,yes,dual_annotator_agreement,True
ai_annotator_1,audit_001_0024,0000398,ppe_hard_hat,violation,violation,true,yes,dual_annotator_agreement,True
ai_annotator_2,audit_001_0024,0000398,ppe_hard_hat,violation,violation,true,yes,dual_annotator_agreement,True
model_assisted_bootstrap,audit_001_0025,0000424,ppe_hard_hat,violation,violation,true,yes,dual_annotator_agreement,True
florence_grounding,audit_001_0025,0000424,ppe_hard_hat,violation,compliant,false,yes,dual_annotator_agreement,True
ai_annotator_1,audit_001_0025,0000424,ppe_hard_hat,violation,violation,true,yes,dual_annotator_agreement,True
ai_annotator_2,audit_001_0025,0000424,ppe_hard_hat,violation,violation,true,yes,dual_annotator_agreement,True
model_assisted_bootstrap,audit_001_0026,0000545,ppe_hard_hat,violation,violation,true,no,dual_annotator_agreement,True
florence_grounding,audit_001_0026,0000545,ppe_hard_hat,violation,compliant,false,no,dual_annotator_agreement,True
ai_annotator_1,audit_001_0026,0000545,ppe_hard_hat,violation,violation,true,no,dual_annotator_agreement,True
ai_annotator_2,audit_001_0026,0000545,ppe_hard_hat,violation,violation,true,no,dual_annotator_agreement,True
model_assisted_bootstrap,audit_001_0027,0000564,ppe_hard_hat,violation,violation,true,yes,dual_annotator_agreement,True
florence_grounding,audit_001_0027,0000564,ppe_hard_hat,violation,compliant,false,yes,dual_annotator_agreement,True
ai_annotator_1,audit_001_0027,0000564,ppe_hard_hat,violation,violation,true,yes,dual_annotator_agreement,True
ai_annotator_2,audit_001_0027,0000564,ppe_hard_hat,violation,violation,true,yes,dual_annotator_agreement,True
model_assisted_bootstrap,audit_001_0028,0000599,ppe_hard_hat,violation,violation,true,no,dual_annotator_agreement,True
florence_grounding,audit_001_0028,0000599,ppe_hard_hat,violation,compliant,false,no,dual_annotator_agreement,True
ai_annotator_1,audit_001_0028,0000599,ppe_hard_hat,violation,violation,true,no,dual_annotator_agreement,True
ai_annotator_2,audit_001_0028,0000599,ppe_hard_hat,violation,violation,true,no,dual_annotator_agreement,True
model_assisted_bootstrap,audit_001_0029,0000623,ppe_hard_hat,violation,violation,true,no,dual_annotator_agreement,True
florence_grounding,audit_001_0029,0000623,ppe_hard_hat,violation,compliant,false,no,dual_annotator_agreement,True
ai_annotator_1,audit_001_0029,0000623,ppe_hard_hat,violation,violation,true,no,dual_annotator_agreement,True
ai_annotator_2,audit_001_0029,0000623,ppe_hard_hat,violation,violation,true,no,dual_annotator_agreement,True
model_assisted_bootstrap,audit_001_0030,0000645,ppe_hard_hat,violation,violation,true,yes,dual_annotator_agreement,True
florence_grounding,audit_001_0030,0000645,ppe_hard_hat,violation,compliant,false,yes,dual_annotator_agreement,True
ai_annotator_1,audit_001_0030,0000645,ppe_hard_hat,violation,violation,true,yes,dual_annotator_agreement,True
ai_annotator_2,audit_001_0030,0000645,ppe_hard_hat,violation,violation,true,yes,dual_annotator_agreement,True
model_assisted_bootstrap,audit_001_0031,0000651,ppe_hard_hat,violation,violation,true,yes,dual_annotator_agreement,True
florence_grounding,audit_001_0031,0000651,ppe_hard_hat,violation,compliant,false,yes,dual_annotator_agreement,True
ai_annotator_1,audit_001_0031,0000651,ppe_hard_hat,violation,violation,true,yes,dual_annotator_agreement,True
ai_annotator_2,audit_001_0031,0000651,ppe_hard_hat,violation,violation,true,yes,dual_annotator_agreement,True
model_assisted_bootstrap,audit_001_0032,0000729,ppe_hard_hat,violation,violation,true,yes,dual_annotator_agreement,True
florence_grounding,audit_001_0032,0000729,ppe_hard_hat,violation,compliant,false,yes,dual_annotator_agreement,True
ai_annotator_1,audit_001_0032,0000729,ppe_hard_hat,violation,violation,true,yes,dual_annotator_agreement,True
ai_annotator_2,audit_001_0032,0000729,ppe_hard_hat,violation,violation,true,yes,dual_annotator_agreement,True
model_assisted_bootstrap,audit_001_0033,0000795,ppe_hard_hat,violation,violation,true,no,dual_annotator_agreement,True
florence_grounding,audit_001_0033,0000795,ppe_hard_hat,violation,compliant,false,no,dual_annotator_agreement,True
ai_annotator_1,audit_001_0033,0000795,ppe_hard_hat,violation,violation,true,no,dual_annotator_agreement,True
ai_annotator_2,audit_001_0033,0000795,ppe_hard_hat,violation,violation,true,no,dual_annotator_agreement,True
model_assisted_bootstrap,audit_001_0034,0000833,ppe_hard_hat,violation,violation,true,yes,dual_annotator_agreement,True
florence_grounding,audit_001_0034,0000833,ppe_hard_hat,violation,compliant,false,yes,dual_annotator_agreement,True
ai_annotator_1,audit_001_0034,0000833,ppe_hard_hat,violation,violation,true,yes,dual_annotator_agreement,True
ai_annotator_2,audit_001_0034,0000833,ppe_hard_hat,violation,violation,true,yes,dual_annotator_agreement,True
model_assisted_bootstrap,audit_001_0035,0000842,ppe_hard_hat,violation,violation,true,no,dual_annotator_agreement,True
florence_grounding,audit_001_0035,0000842,ppe_hard_hat,violation,compliant,false,no,dual_annotator_agreement,True
ai_annotator_1,audit_001_0035,0000842,ppe_hard_hat,violation,violation,true,no,dual_annotator_agreement,True
ai_annotator_2,audit_001_0035,0000842,ppe_hard_hat,violation,violation,true,no,dual_annotator_agreement,True
model_assisted_bootstrap,audit_001_0036,0000901,ppe_hard_hat,violation,violation,true,yes,dual_annotator_agreement,True
florence_grounding,audit_001_0036,0000901,ppe_hard_hat,violation,compliant,false,yes,dual_annotator_agreement,True
ai_annotator_1,audit_001_0036,0000901,ppe_hard_hat,violation,violation,true,yes,dual_annotator_agreement,True
ai_annotator_2,audit_001_0036,0000901,ppe_hard_hat,violation,violation,true,yes,dual_annotator_agreement,True
model_assisted_bootstrap,audit_001_0037,0000987,ppe_hard_hat,violation,violation,true,no,dual_annotator_agreement,True
florence_grounding,audit_001_0037,0000987,ppe_hard_hat,violation,compliant,false,no,dual_annotator_agreement,True
ai_annotator_1,audit_001_0037,0000987,ppe_hard_hat,violation,violation,true,no,dual_annotator_agreement,True
ai_annotator_2,audit_001_0037,0000987,ppe_hard_hat,violation,violation,true,no,dual_annotator_agreement,True
model_assisted_bootstrap,audit_001_0038,0001077,ppe_hard_hat,violation,violation,true,yes,dual_annotator_agreement,True
florence_grounding,audit_001_0038,0001077,ppe_hard_hat,violation,compliant,false,yes,dual_annotator_agreement,True
ai_annotator_1,audit_001_0038,0001077,ppe_hard_hat,violation,violation,true,yes,dual_annotator_agreement,True
ai_annotator_2,audit_001_0038,0001077,ppe_hard_hat,violation,violation,true,yes,dual_annotator_agreement,True
model_assisted_bootstrap,audit_001_0039,0001120,ppe_hard_hat,compliant,violation,false,no,dual_annotator_agreement,True
florence_grounding,audit_001_0039,0001120,ppe_hard_hat,compliant,compliant,true,no,dual_annotator_agreement,True
ai_annotator_1,audit_001_0039,0001120,ppe_hard_hat,compliant,compliant,true,no,dual_annotator_agreement,True
ai_annotator_2,audit_001_0039,0001120,ppe_hard_hat,compliant,compliant,true,no,dual_annotator_agreement,True
model_assisted_bootstrap,audit_001_0040,0001135,ppe_hard_hat,violation,violation,true,yes,dual_annotator_agreement,True
florence_grounding,audit_001_0040,0001135,ppe_hard_hat,violation,compliant,false,yes,dual_annotator_agreement,True
ai_annotator_1,audit_001_0040,0001135,ppe_hard_hat,violation,violation,true,yes,dual_annotator_agreement,True
ai_annotator_2,audit_001_0040,0001135,ppe_hard_hat,violation,violation,true,yes,dual_annotator_agreement,True
model_assisted_bootstrap,audit_001_0041,0001141,ppe_hard_hat,violation,violation,true,no,dual_annotator_agreement,True
florence_grounding,audit_001_0041,0001141,ppe_hard_hat,violation,compliant,false,no,dual_annotator_agreement,True
ai_annotator_1,audit_001_0041,0001141,ppe_hard_hat,violation,violation,true,no,dual_annotator_agreement,True
ai_annotator_2,audit_001_0041,0001141,ppe_hard_hat,violation,violation,true,no,dual_annotator_agreement,True
model_assisted_bootstrap,audit_001_0042,0001451,fall_harness,violation,violation,true,yes,dual_annotator_agreement,True
florence_grounding,audit_001_0042,0001451,fall_harness,violation,compliant,false,yes,dual_annotator_agreement,True
ai_annotator_1,audit_001_0042,0001451,fall_harness,violation,violation,true,yes,dual_annotator_agreement,True
ai_annotator_2,audit_001_0042,0001451,fall_harness,violation,violation,true,yes,dual_annotator_agreement,True
model_assisted_bootstrap,audit_001_0043,0002092,fall_harness,violation,violation,true,yes,dual_annotator_agreement,True
florence_grounding,audit_001_0043,0002092,fall_harness,violation,compliant,false,yes,dual_annotator_agreement,True
ai_annotator_1,audit_001_0043,0002092,fall_harness,violation,violation,true,yes,dual_annotator_agreement,True
ai_annotator_2,audit_001_0043,0002092,fall_harness,violation,violation,true,yes,dual_annotator_agreement,True
model_assisted_bootstrap,audit_001_0044,0003632,fall_harness,violation,violation,true,yes,dual_annotator_agreement,True
florence_grounding,audit_001_0044,0003632,fall_harness,violation,compliant,false,yes,dual_annotator_agreement,True
ai_annotator_1,audit_001_0044,0003632,fall_harness,violation,violation,true,yes,dual_annotator_agreement,True
ai_annotator_2,audit_001_0044,0003632,fall_harness,violation,violation,true,yes,dual_annotator_agreement,True
model_assisted_bootstrap,audit_001_0045,0000020,guardrail_edge,violation,violation,true,yes,dual_annotator_agreement,True
florence_grounding,audit_001_0045,0000020,guardrail_edge,violation,compliant,false,yes,dual_annotator_agreement,True
ai_annotator_1,audit_001_0045,0000020,guardrail_edge,violation,violation,true,yes,dual_annotator_agreement,True
ai_annotator_2,audit_001_0045,0000020,guardrail_edge,violation,violation,true,yes,dual_annotator_agreement,True
model_assisted_bootstrap,audit_001_0046,0000079,guardrail_edge,violation,violation,true,yes,dual_annotator_agreement,True
florence_grounding,audit_001_0046,0000079,guardrail_edge,violation,compliant,false,yes,dual_annotator_agreement,True
ai_annotator_1,audit_001_0046,0000079,guardrail_edge,violation,violation,true,yes,dual_annotator_agreement,True
ai_annotator_2,audit_001_0046,0000079,guardrail_edge,violation,violation,true,yes,dual_annotator_agreement,True
model_assisted_bootstrap,audit_001_0047,0000117,guardrail_edge,violation,violation,true,no,dual_annotator_agreement,True
florence_grounding,audit_001_0047,0000117,guardrail_edge,violation,compliant,false,no,dual_annotator_agreement,True
ai_annotator_1,audit_001_0047,0000117,guardrail_edge,violation,violation,true,no,dual_annotator_agreement,True
ai_annotator_2,audit_001_0047,0000117,guardrail_edge,violation,violation,true,no,dual_annotator_agreement,True
model_assisted_bootstrap,audit_001_0048,0000232,guardrail_edge,violation,violation,true,yes,dual_annotator_agreement,True
florence_grounding,audit_001_0048,0000232,guardrail_edge,violation,compliant,false,yes,dual_annotator_agreement,True
ai_annotator_1,audit_001_0048,0000232,guardrail_edge,violation,violation,true,yes,dual_annotator_agreement,True
ai_annotator_2,audit_001_0048,0000232,guardrail_edge,violation,violation,true,yes,dual_annotator_agreement,True
model_assisted_bootstrap,audit_001_0049,0000370,guardrail_edge,violation,violation,true,no,dual_annotator_agreement,True
florence_grounding,audit_001_0049,0000370,guardrail_edge,violation,compliant,false,no,dual_annotator_agreement,True
ai_annotator_1,audit_001_0049,0000370,guardrail_edge,violation,violation,true,no,dual_annotator_agreement,True
ai_annotator_2,audit_001_0049,0000370,guardrail_edge,violation,violation,true,no,dual_annotator_agreement,True
model_assisted_bootstrap,audit_001_0050,0001081,guardrail_edge,violation,violation,true,yes,dual_annotator_agreement,True
florence_grounding,audit_001_0050,0001081,guardrail_edge,violation,compliant,false,yes,dual_annotator_agreement,True
ai_annotator_1,audit_001_0050,0001081,guardrail_edge,violation,violation,true,yes,dual_annotator_agreement,True
ai_annotator_2,audit_001_0050,0001081,guardrail_edge,violation,violation,true,yes,dual_annotator_agreement,True
model_assisted_bootstrap,audit_001_0051,0001087,guardrail_edge,compliant,violation,false,no,returned_adjudication,True
florence_grounding,audit_001_0051,0001087,guardrail_edge,compliant,compliant,true,no,returned_adjudication,True
ai_annotator_1,audit_001_0051,0001087,guardrail_edge,compliant,violation,false,no,returned_adjudication,True
ai_annotator_2,audit_001_0051,0001087,guardrail_edge,compliant,compliant,true,no,returned_adjudication,True
model_assisted_bootstrap,audit_001_0052,0001473,guardrail_edge,violation,violation,true,yes,dual_annotator_agreement,True
florence_grounding,audit_001_0052,0001473,guardrail_edge,violation,compliant,false,yes,dual_annotator_agreement,True
ai_annotator_1,audit_001_0052,0001473,guardrail_edge,violation,violation,true,yes,dual_annotator_agreement,True
ai_annotator_2,audit_001_0052,0001473,guardrail_edge,violation,violation,true,yes,dual_annotator_agreement,True
model_assisted_bootstrap,audit_001_0053,0001520,guardrail_edge,violation,violation,true,no,dual_annotator_agreement,True
florence_grounding,audit_001_0053,0001520,guardrail_edge,violation,compliant,false,no,dual_annotator_agreement,True
ai_annotator_1,audit_001_0053,0001520,guardrail_edge,violation,violation,true,no,dual_annotator_agreement,True
ai_annotator_2,audit_001_0053,0001520,guardrail_edge,violation,violation,true,no,dual_annotator_agreement,True
model_assisted_bootstrap,audit_001_0054,0001623,guardrail_edge,violation,violation,true,yes,dual_annotator_agreement,True
florence_grounding,audit_001_0054,0001623,guardrail_edge,violation,compliant,false,yes,dual_annotator_agreement,True
ai_annotator_1,audit_001_0054,0001623,guardrail_edge,violation,violation,true,yes,dual_annotator_agreement,True
ai_annotator_2,audit_001_0054,0001623,guardrail_edge,violation,violation,true,yes,dual_annotator_agreement,True
model_assisted_bootstrap,audit_001_0055,0001716,guardrail_edge,violation,violation,true,no,dual_annotator_agreement,True
florence_grounding,audit_001_0055,0001716,guardrail_edge,violation,compliant,false,no,dual_annotator_agreement,True
ai_annotator_1,audit_001_0055,0001716,guardrail_edge,violation,violation,true,no,dual_annotator_agreement,True
ai_annotator_2,audit_001_0055,0001716,guardrail_edge,violation,violation,true,no,dual_annotator_agreement,True
model_assisted_bootstrap,audit_001_0056,0002150,guardrail_edge,violation,violation,true,no,dual_annotator_agreement,True
florence_grounding,audit_001_0056,0002150,guardrail_edge,violation,compliant,false,no,dual_annotator_agreement,True
ai_annotator_1,audit_001_0056,0002150,guardrail_edge,violation,violation,true,no,dual_annotator_agreement,True
ai_annotator_2,audit_001_0056,0002150,guardrail_edge,violation,violation,true,no,dual_annotator_agreement,True
model_assisted_bootstrap,audit_001_0057,0002178,guardrail_edge,violation,violation,true,no,dual_annotator_agreement,True
florence_grounding,audit_001_0057,0002178,guardrail_edge,violation,compliant,false,no,dual_annotator_agreement,True
ai_annotator_1,audit_001_0057,0002178,guardrail_edge,violation,violation,true,no,dual_annotator_agreement,True
ai_annotator_2,audit_001_0057,0002178,guardrail_edge,violation,violation,true,no,dual_annotator_agreement,True
model_assisted_bootstrap,audit_001_0058,0003613,guardrail_edge,violation,violation,true,no,dual_annotator_agreement,True
florence_grounding,audit_001_0058,0003613,guardrail_edge,violation,compliant,false,no,dual_annotator_agreement,True
ai_annotator_1,audit_001_0058,0003613,guardrail_edge,violation,violation,true,no,dual_annotator_agreement,True
ai_annotator_2,audit_001_0058,0003613,guardrail_edge,violation,violation,true,no,dual_annotator_agreement,True
model_assisted_bootstrap,audit_001_0059,0004111,guardrail_edge,compliant,violation,false,yes,returned_adjudication,True
florence_grounding,audit_001_0059,0004111,guardrail_edge,compliant,compliant,true,yes,returned_adjudication,True
ai_annotator_1,audit_001_0059,0004111,guardrail_edge,compliant,violation,false,yes,returned_adjudication,True
ai_annotator_2,audit_001_0059,0004111,guardrail_edge,compliant,compliant,true,yes,returned_adjudication,True
model_assisted_bootstrap,audit_001_0060,0004552,guardrail_edge,violation,violation,true,no,dual_annotator_agreement,True
florence_grounding,audit_001_0060,0004552,guardrail_edge,violation,compliant,false,no,dual_annotator_agreement,True
ai_annotator_1,audit_001_0060,0004552,guardrail_edge,violation,violation,true,no,dual_annotator_agreement,True
ai_annotator_2,audit_001_0060,0004552,guardrail_edge,violation,violation,true,no,dual_annotator_agreement,True
model_assisted_bootstrap,audit_001_0061,0003813,struck_by_equipment,compliant,violation,false,yes,returned_adjudication,True
florence_grounding,audit_001_0061,0003813,struck_by_equipment,compliant,compliant,true,yes,returned_adjudication,True
ai_annotator_1,audit_001_0061,0003813,struck_by_equipment,compliant,uncertain,false,yes,returned_adjudication,True
ai_annotator_2,audit_001_0061,0003813,struck_by_equipment,compliant,compliant,true,yes,returned_adjudication,True
model_assisted_bootstrap,audit_001_0062,0000149,fall_harness,violation,violation,true,no,dual_annotator_agreement,True
florence_grounding,audit_001_0062,0000149,fall_harness,violation,compliant,false,no,dual_annotator_agreement,True
ai_annotator_1,audit_001_0062,0000149,fall_harness,violation,violation,true,no,dual_annotator_agreement,True
ai_annotator_2,audit_001_0062,0000149,fall_harness,violation,violation,true,no,dual_annotator_agreement,True
model_assisted_bootstrap,audit_001_0063,0000332,fall_harness,violation,violation,true,yes,dual_annotator_agreement,True
florence_grounding,audit_001_0063,0000332,fall_harness,violation,compliant,false,yes,dual_annotator_agreement,True
ai_annotator_1,audit_001_0063,0000332,fall_harness,violation,violation,true,yes,dual_annotator_agreement,True
ai_annotator_2,audit_001_0063,0000332,fall_harness,violation,violation,true,yes,dual_annotator_agreement,True
model_assisted_bootstrap,audit_001_0064,0000874,fall_harness,violation,violation,true,no,dual_annotator_agreement,True
florence_grounding,audit_001_0064,0000874,fall_harness,violation,compliant,false,no,dual_annotator_agreement,True
ai_annotator_1,audit_001_0064,0000874,fall_harness,violation,violation,true,no,dual_annotator_agreement,True
ai_annotator_2,audit_001_0064,0000874,fall_harness,violation,violation,true,no,dual_annotator_agreement,True
model_assisted_bootstrap,audit_001_0065,0001065,fall_harness,violation,violation,true,no,dual_annotator_agreement,True
florence_grounding,audit_001_0065,0001065,fall_harness,violation,compliant,false,no,dual_annotator_agreement,True
ai_annotator_1,audit_001_0065,0001065,fall_harness,violation,violation,true,no,dual_annotator_agreement,True
ai_annotator_2,audit_001_0065,0001065,fall_harness,violation,violation,true,no,dual_annotator_agreement,True
model_assisted_bootstrap,audit_001_0066,0002367,fall_harness,violation,violation,true,yes,dual_annotator_agreement,True
florence_grounding,audit_001_0066,0002367,fall_harness,violation,compliant,false,yes,dual_annotator_agreement,True
ai_annotator_1,audit_001_0066,0002367,fall_harness,violation,violation,true,yes,dual_annotator_agreement,True
ai_annotator_2,audit_001_0066,0002367,fall_harness,violation,violation,true,yes,dual_annotator_agreement,True
model_assisted_bootstrap,audit_001_0067,0004113,fall_harness,violation,violation,true,no,dual_annotator_agreement,True
florence_grounding,audit_001_0067,0004113,fall_harness,violation,compliant,false,no,dual_annotator_agreement,True
ai_annotator_1,audit_001_0067,0004113,fall_harness,violation,violation,true,no,dual_annotator_agreement,True
ai_annotator_2,audit_001_0067,0004113,fall_harness,violation,violation,true,no,dual_annotator_agreement,True
model_assisted_bootstrap,audit_001_0068,0000991,guardrail_edge,violation,violation,true,yes,returned_adjudication,True
florence_grounding,audit_001_0068,0000991,guardrail_edge,violation,compliant,false,yes,returned_adjudication,True
ai_annotator_1,audit_001_0068,0000991,guardrail_edge,violation,violation,true,yes,returned_adjudication,True
ai_annotator_2,audit_001_0068,0000991,guardrail_edge,violation,compliant,false,yes,returned_adjudication,True
model_assisted_bootstrap,audit_001_0069,0001252,guardrail_edge,compliant,violation,false,yes,returned_adjudication,True
florence_grounding,audit_001_0069,0001252,guardrail_edge,compliant,compliant,true,yes,returned_adjudication,True
ai_annotator_1,audit_001_0069,0001252,guardrail_edge,compliant,violation,false,yes,returned_adjudication,True
ai_annotator_2,audit_001_0069,0001252,guardrail_edge,compliant,compliant,true,yes,returned_adjudication,True
model_assisted_bootstrap,audit_001_0070,0001274,guardrail_edge,violation,violation,true,no,dual_annotator_agreement,True
florence_grounding,audit_001_0070,0001274,guardrail_edge,violation,compliant,false,no,dual_annotator_agreement,True
ai_annotator_1,audit_001_0070,0001274,guardrail_edge,violation,violation,true,no,dual_annotator_agreement,True
ai_annotator_2,audit_001_0070,0001274,guardrail_edge,violation,violation,true,no,dual_annotator_agreement,True
model_assisted_bootstrap,audit_001_0071,0001436,guardrail_edge,violation,violation,true,no,dual_annotator_agreement,True
florence_grounding,audit_001_0071,0001436,guardrail_edge,violation,compliant,false,no,dual_annotator_agreement,True
ai_annotator_1,audit_001_0071,0001436,guardrail_edge,violation,violation,true,no,dual_annotator_agreement,True
ai_annotator_2,audit_001_0071,0001436,guardrail_edge,violation,violation,true,no,dual_annotator_agreement,True
model_assisted_bootstrap,audit_001_0072,0001484,guardrail_edge,compliant,violation,false,no,returned_adjudication,True
florence_grounding,audit_001_0072,0001484,guardrail_edge,compliant,compliant,true,no,returned_adjudication,True
ai_annotator_1,audit_001_0072,0001484,guardrail_edge,compliant,uncertain,false,no,returned_adjudication,True
ai_annotator_2,audit_001_0072,0001484,guardrail_edge,compliant,compliant,true,no,returned_adjudication,True
model_assisted_bootstrap,audit_001_0073,0001667,guardrail_edge,compliant,violation,false,no,returned_adjudication,True
florence_grounding,audit_001_0073,0001667,guardrail_edge,compliant,compliant,true,no,returned_adjudication,True
ai_annotator_1,audit_001_0073,0001667,guardrail_edge,compliant,uncertain,false,no,returned_adjudication,True
ai_annotator_2,audit_001_0073,0001667,guardrail_edge,compliant,compliant,true,no,returned_adjudication,True
model_assisted_bootstrap,audit_001_0074,0001798,guardrail_edge,uncertain,violation,false,yes,dual_annotator_agreement,True
florence_grounding,audit_001_0074,0001798,guardrail_edge,uncertain,compliant,false,yes,dual_annotator_agreement,True
ai_annotator_1,audit_001_0074,0001798,guardrail_edge,uncertain,uncertain,true,yes,dual_annotator_agreement,True
ai_annotator_2,audit_001_0074,0001798,guardrail_edge,uncertain,uncertain,true,yes,dual_annotator_agreement,True
model_assisted_bootstrap,audit_001_0075,0002066,guardrail_edge,violation,violation,true,yes,dual_annotator_agreement,True
florence_grounding,audit_001_0075,0002066,guardrail_edge,violation,compliant,false,yes,dual_annotator_agreement,True
ai_annotator_1,audit_001_0075,0002066,guardrail_edge,violation,violation,true,yes,dual_annotator_agreement,True
ai_annotator_2,audit_001_0075,0002066,guardrail_edge,violation,violation,true,yes,dual_annotator_agreement,True
model_assisted_bootstrap,audit_001_0076,0001033,struck_by_equipment,violation,violation,true,yes,dual_annotator_agreement,True
florence_grounding,audit_001_0076,0001033,struck_by_equipment,violation,compliant,false,yes,dual_annotator_agreement,True
ai_annotator_1,audit_001_0076,0001033,struck_by_equipment,violation,violation,true,yes,dual_annotator_agreement,True
ai_annotator_2,audit_001_0076,0001033,struck_by_equipment,violation,violation,true,yes,dual_annotator_agreement,True
model_assisted_bootstrap,audit_001_0077,0002042,struck_by_equipment,violation,violation,true,yes,dual_annotator_agreement,True
florence_grounding,audit_001_0077,0002042,struck_by_equipment,violation,compliant,false,yes,dual_annotator_agreement,True
ai_annotator_1,audit_001_0077,0002042,struck_by_equipment,violation,violation,true,yes,dual_annotator_agreement,True
ai_annotator_2,audit_001_0077,0002042,struck_by_equipment,violation,violation,true,yes,dual_annotator_agreement,True
model_assisted_bootstrap,audit_001_0078,0003088,struck_by_equipment,violation,violation,true,yes,dual_annotator_agreement,True
florence_grounding,audit_001_0078,0003088,struck_by_equipment,violation,compliant,false,yes,dual_annotator_agreement,True
ai_annotator_1,audit_001_0078,0003088,struck_by_equipment,violation,violation,true,yes,dual_annotator_agreement,True
ai_annotator_2,audit_001_0078,0003088,struck_by_equipment,violation,violation,true,yes,dual_annotator_agreement,True
model_assisted_bootstrap,audit_001_0079,0004196,struck_by_equipment,violation,violation,true,yes,dual_annotator_agreement,True
florence_grounding,audit_001_0079,0004196,struck_by_equipment,violation,compliant,false,yes,dual_annotator_agreement,True
ai_annotator_1,audit_001_0079,0004196,struck_by_equipment,violation,violation,true,yes,dual_annotator_agreement,True
ai_annotator_2,audit_001_0079,0004196,struck_by_equipment,violation,violation,true,yes,dual_annotator_agreement,True
model_assisted_bootstrap,audit_001_0080,0000032,struck_by_equipment,compliant,compliant,true,no,dual_annotator_agreement,True
florence_grounding,audit_001_0080,0000032,struck_by_equipment,compliant,violation,false,no,dual_annotator_agreement,True
ai_annotator_1,audit_001_0080,0000032,struck_by_equipment,compliant,compliant,true,no,dual_annotator_agreement,True
ai_annotator_2,audit_001_0080,0000032,struck_by_equipment,compliant,compliant,true,no,dual_annotator_agreement,True
model_assisted_bootstrap,audit_001_0081,0000035,struck_by_equipment,uncertain,compliant,false,yes,dual_annotator_agreement,True
florence_grounding,audit_001_0081,0000035,struck_by_equipment,uncertain,violation,false,yes,dual_annotator_agreement,True
ai_annotator_1,audit_001_0081,0000035,struck_by_equipment,uncertain,uncertain,true,yes,dual_annotator_agreement,True
ai_annotator_2,audit_001_0081,0000035,struck_by_equipment,uncertain,uncertain,true,yes,dual_annotator_agreement,True
model_assisted_bootstrap,audit_001_0082,0000062,struck_by_equipment,compliant,compliant,true,no,dual_annotator_agreement,True
florence_grounding,audit_001_0082,0000062,struck_by_equipment,compliant,violation,false,no,dual_annotator_agreement,True
ai_annotator_1,audit_001_0082,0000062,struck_by_equipment,compliant,compliant,true,no,dual_annotator_agreement,True
ai_annotator_2,audit_001_0082,0000062,struck_by_equipment,compliant,compliant,true,no,dual_annotator_agreement,True
model_assisted_bootstrap,audit_001_0083,0000069,struck_by_equipment,violation,compliant,false,no,dual_annotator_agreement,True
florence_grounding,audit_001_0083,0000069,struck_by_equipment,violation,violation,true,no,dual_annotator_agreement,True
ai_annotator_1,audit_001_0083,0000069,struck_by_equipment,violation,violation,true,no,dual_annotator_agreement,True
ai_annotator_2,audit_001_0083,0000069,struck_by_equipment,violation,violation,true,no,dual_annotator_agreement,True
model_assisted_bootstrap,audit_001_0084,0000106,struck_by_equipment,violation,compliant,false,no,dual_annotator_agreement,True
florence_grounding,audit_001_0084,0000106,struck_by_equipment,violation,violation,true,no,dual_annotator_agreement,True
ai_annotator_1,audit_001_0084,0000106,struck_by_equipment,violation,violation,true,no,dual_annotator_agreement,True
ai_annotator_2,audit_001_0084,0000106,struck_by_equipment,violation,violation,true,no,dual_annotator_agreement,True
model_assisted_bootstrap,audit_001_0085,0000183,struck_by_equipment,compliant,compliant,true,yes,dual_annotator_agreement,True
florence_grounding,audit_001_0085,0000183,struck_by_equipment,compliant,violation,false,yes,dual_annotator_agreement,True
ai_annotator_1,audit_001_0085,0000183,struck_by_equipment,compliant,compliant,true,yes,dual_annotator_agreement,True
ai_annotator_2,audit_001_0085,0000183,struck_by_equipment,compliant,compliant,true,yes,dual_annotator_agreement,True
model_assisted_bootstrap,audit_001_0086,0000186,struck_by_equipment,compliant,compliant,true,no,dual_annotator_agreement,True
florence_grounding,audit_001_0086,0000186,struck_by_equipment,compliant,violation,false,no,dual_annotator_agreement,True
ai_annotator_1,audit_001_0086,0000186,struck_by_equipment,compliant,compliant,true,no,dual_annotator_agreement,True
ai_annotator_2,audit_001_0086,0000186,struck_by_equipment,compliant,compliant,true,no,dual_annotator_agreement,True
model_assisted_bootstrap,audit_001_0087,0000248,struck_by_equipment,violation,compliant,false,no,dual_annotator_agreement,True
florence_grounding,audit_001_0087,0000248,struck_by_equipment,violation,violation,true,no,dual_annotator_agreement,True
ai_annotator_1,audit_001_0087,0000248,struck_by_equipment,violation,violation,true,no,dual_annotator_agreement,True
ai_annotator_2,audit_001_0087,0000248,struck_by_equipment,violation,violation,true,no,dual_annotator_agreement,True
model_assisted_bootstrap,audit_001_0088,0000270,struck_by_equipment,compliant,compliant,true,no,dual_annotator_agreement,True
florence_grounding,audit_001_0088,0000270,struck_by_equipment,compliant,violation,false,no,dual_annotator_agreement,True
ai_annotator_1,audit_001_0088,0000270,struck_by_equipment,compliant,compliant,true,no,dual_annotator_agreement,True
ai_annotator_2,audit_001_0088,0000270,struck_by_equipment,compliant,compliant,true,no,dual_annotator_agreement,True
model_assisted_bootstrap,audit_001_0089,0000282,struck_by_equipment,compliant,compliant,true,yes,returned_adjudication,True
florence_grounding,audit_001_0089,0000282,struck_by_equipment,compliant,violation,false,yes,returned_adjudication,True
ai_annotator_1,audit_001_0089,0000282,struck_by_equipment,compliant,uncertain,false,yes,returned_adjudication,True
ai_annotator_2,audit_001_0089,0000282,struck_by_equipment,compliant,compliant,true,yes,returned_adjudication,True
model_assisted_bootstrap,audit_001_0090,0000294,struck_by_equipment,compliant,compliant,true,no,dual_annotator_agreement,True
florence_grounding,audit_001_0090,0000294,struck_by_equipment,compliant,violation,false,no,dual_annotator_agreement,True
ai_annotator_1,audit_001_0090,0000294,struck_by_equipment,compliant,compliant,true,no,dual_annotator_agreement,True
ai_annotator_2,audit_001_0090,0000294,struck_by_equipment,compliant,compliant,true,no,dual_annotator_agreement,True
model_assisted_bootstrap,audit_001_0091,0000358,struck_by_equipment,compliant,compliant,true,no,dual_annotator_agreement,True
florence_grounding,audit_001_0091,0000358,struck_by_equipment,compliant,violation,false,no,dual_annotator_agreement,True
ai_annotator_1,audit_001_0091,0000358,struck_by_equipment,compliant,compliant,true,no,dual_annotator_agreement,True
ai_annotator_2,audit_001_0091,0000358,struck_by_equipment,compliant,compliant,true,no,dual_annotator_agreement,True
model_assisted_bootstrap,audit_001_0092,0000380,struck_by_equipment,compliant,compliant,true,no,dual_annotator_agreement,True
florence_grounding,audit_001_0092,0000380,struck_by_equipment,compliant,violation,false,no,dual_annotator_agreement,True
ai_annotator_1,audit_001_0092,0000380,struck_by_equipment,compliant,compliant,true,no,dual_annotator_agreement,True
ai_annotator_2,audit_001_0092,0000380,struck_by_equipment,compliant,compliant,true,no,dual_annotator_agreement,True
model_assisted_bootstrap,audit_001_0093,0000395,struck_by_equipment,compliant,compliant,true,no,dual_annotator_agreement,True
florence_grounding,audit_001_0093,0000395,struck_by_equipment,compliant,violation,false,no,dual_annotator_agreement,True
ai_annotator_1,audit_001_0093,0000395,struck_by_equipment,compliant,compliant,true,no,dual_annotator_agreement,True
ai_annotator_2,audit_001_0093,0000395,struck_by_equipment,compliant,compliant,true,no,dual_annotator_agreement,True
model_assisted_bootstrap,audit_001_0094,0000400,struck_by_equipment,violation,compliant,false,yes,dual_annotator_agreement,True
florence_grounding,audit_001_0094,0000400,struck_by_equipment,violation,violation,true,yes,dual_annotator_agreement,True
ai_annotator_1,audit_001_0094,0000400,struck_by_equipment,violation,violation,true,yes,dual_annotator_agreement,True
ai_annotator_2,audit_001_0094,0000400,struck_by_equipment,violation,violation,true,yes,dual_annotator_agreement,True
model_assisted_bootstrap,audit_001_0095,0000442,struck_by_equipment,violation,compliant,false,yes,dual_annotator_agreement,True
florence_grounding,audit_001_0095,0000442,struck_by_equipment,violation,violation,true,yes,dual_annotator_agreement,True
ai_annotator_1,audit_001_0095,0000442,struck_by_equipment,violation,violation,true,yes,dual_annotator_agreement,True
ai_annotator_2,audit_001_0095,0000442,struck_by_equipment,violation,violation,true,yes,dual_annotator_agreement,True
model_assisted_bootstrap,audit_001_0096,0000467,struck_by_equipment,compliant,compliant,true,yes,dual_annotator_agreement,True
florence_grounding,audit_001_0096,0000467,struck_by_equipment,compliant,violation,false,yes,dual_annotator_agreement,True
ai_annotator_1,audit_001_0096,0000467,struck_by_equipment,compliant,compliant,true,yes,dual_annotator_agreement,True
ai_annotator_2,audit_001_0096,0000467,struck_by_equipment,compliant,compliant,true,yes,dual_annotator_agreement,True
model_assisted_bootstrap,audit_001_0097,0000494,struck_by_equipment,violation,compliant,false,no,dual_annotator_agreement,True
florence_grounding,audit_001_0097,0000494,struck_by_equipment,violation,violation,true,no,dual_annotator_agreement,True
ai_annotator_1,audit_001_0097,0000494,struck_by_equipment,violation,violation,true,no,dual_annotator_agreement,True
ai_annotator_2,audit_001_0097,0000494,struck_by_equipment,violation,violation,true,no,dual_annotator_agreement,True
model_assisted_bootstrap,audit_001_0098,0000504,struck_by_equipment,compliant,compliant,true,no,dual_annotator_agreement,True
florence_grounding,audit_001_0098,0000504,struck_by_equipment,compliant,violation,false,no,dual_annotator_agreement,True
ai_annotator_1,audit_001_0098,0000504,struck_by_equipment,compliant,compliant,true,no,dual_annotator_agreement,True
ai_annotator_2,audit_001_0098,0000504,struck_by_equipment,compliant,compliant,true,no,dual_annotator_agreement,True
model_assisted_bootstrap,audit_001_0099,0001699,fall_harness,violation,violation,true,no,dual_annotator_agreement,True
florence_grounding,audit_001_0099,0001699,fall_harness,violation,compliant,false,no,dual_annotator_agreement,True
ai_annotator_1,audit_001_0099,0001699,fall_harness,violation,violation,true,no,dual_annotator_agreement,True
ai_annotator_2,audit_001_0099,0001699,fall_harness,violation,violation,true,no,dual_annotator_agreement,True
model_assisted_bootstrap,audit_001_0100,0003479,fall_harness,violation,violation,true,no,dual_annotator_agreement,True
florence_grounding,audit_001_0100,0003479,fall_harness,violation,compliant,false,no,dual_annotator_agreement,True
ai_annotator_1,audit_001_0100,0003479,fall_harness,violation,violation,true,no,dual_annotator_agreement,True
ai_annotator_2,audit_001_0100,0003479,fall_harness,violation,violation,true,no,dual_annotator_agreement,True
model_assisted_bootstrap,audit_001_0101,0000140,fall_harness,uncertain,compliant,false,yes,returned_adjudication,True
florence_grounding,audit_001_0101,0000140,fall_harness,uncertain,violation,false,yes,returned_adjudication,True
ai_annotator_1,audit_001_0101,0000140,fall_harness,uncertain,uncertain,true,yes,returned_adjudication,True
ai_annotator_2,audit_001_0101,0000140,fall_harness,uncertain,violation,false,yes,returned_adjudication,True
model_assisted_bootstrap,audit_001_0102,0000033,fall_harness,violation,compliant,false,yes,dual_annotator_agreement,True
florence_grounding,audit_001_0102,0000033,fall_harness,violation,violation,true,yes,dual_annotator_agreement,True
ai_annotator_1,audit_001_0102,0000033,fall_harness,violation,violation,true,yes,dual_annotator_agreement,True
ai_annotator_2,audit_001_0102,0000033,fall_harness,violation,violation,true,yes,dual_annotator_agreement,True
model_assisted_bootstrap,audit_001_0103,0000042,fall_harness,compliant,compliant,true,no,dual_annotator_agreement,True
florence_grounding,audit_001_0103,0000042,fall_harness,compliant,violation,false,no,dual_annotator_agreement,True
ai_annotator_1,audit_001_0103,0000042,fall_harness,compliant,compliant,true,no,dual_annotator_agreement,True
ai_annotator_2,audit_001_0103,0000042,fall_harness,compliant,compliant,true,no,dual_annotator_agreement,True
model_assisted_bootstrap,audit_001_0104,0000060,fall_harness,compliant,compliant,true,no,dual_annotator_agreement,True
florence_grounding,audit_001_0104,0000060,fall_harness,compliant,violation,false,no,dual_annotator_agreement,True
ai_annotator_1,audit_001_0104,0000060,fall_harness,compliant,compliant,true,no,dual_annotator_agreement,True
ai_annotator_2,audit_001_0104,0000060,fall_harness,compliant,compliant,true,no,dual_annotator_agreement,True
model_assisted_bootstrap,audit_001_0105,0000084,fall_harness,compliant,compliant,true,no,dual_annotator_agreement,True
florence_grounding,audit_001_0105,0000084,fall_harness,compliant,violation,false,no,dual_annotator_agreement,True
ai_annotator_1,audit_001_0105,0000084,fall_harness,compliant,compliant,true,no,dual_annotator_agreement,True
ai_annotator_2,audit_001_0105,0000084,fall_harness,compliant,compliant,true,no,dual_annotator_agreement,True
model_assisted_bootstrap,audit_001_0106,0000154,fall_harness,compliant,compliant,true,no,dual_annotator_agreement,True
florence_grounding,audit_001_0106,0000154,fall_harness,compliant,violation,false,no,dual_annotator_agreement,True
ai_annotator_1,audit_001_0106,0000154,fall_harness,compliant,compliant,true,no,dual_annotator_agreement,True
ai_annotator_2,audit_001_0106,0000154,fall_harness,compliant,compliant,true,no,dual_annotator_agreement,True
model_assisted_bootstrap,audit_001_0107,0000286,fall_harness,violation,compliant,false,no,dual_annotator_agreement,True
florence_grounding,audit_001_0107,0000286,fall_harness,violation,violation,true,no,dual_annotator_agreement,True
ai_annotator_1,audit_001_0107,0000286,fall_harness,violation,violation,true,no,dual_annotator_agreement,True
ai_annotator_2,audit_001_0107,0000286,fall_harness,violation,violation,true,no,dual_annotator_agreement,True
model_assisted_bootstrap,audit_001_0108,0000498,fall_harness,compliant,compliant,true,no,dual_annotator_agreement,True
florence_grounding,audit_001_0108,0000498,fall_harness,compliant,violation,false,no,dual_annotator_agreement,True
ai_annotator_1,audit_001_0108,0000498,fall_harness,compliant,compliant,true,no,dual_annotator_agreement,True
ai_annotator_2,audit_001_0108,0000498,fall_harness,compliant,compliant,true,no,dual_annotator_agreement,True
model_assisted_bootstrap,audit_001_0109,0000516,fall_harness,violation,compliant,false,yes,dual_annotator_agreement,True
florence_grounding,audit_001_0109,0000516,fall_harness,violation,violation,true,yes,dual_annotator_agreement,True
ai_annotator_1,audit_001_0109,0000516,fall_harness,violation,violation,true,yes,dual_annotator_agreement,True
ai_annotator_2,audit_001_0109,0000516,fall_harness,violation,violation,true,yes,dual_annotator_agreement,True
model_assisted_bootstrap,audit_001_0110,0000532,fall_harness,uncertain,compliant,false,yes,dual_annotator_agreement,True
florence_grounding,audit_001_0110,0000532,fall_harness,uncertain,violation,false,yes,dual_annotator_agreement,True
ai_annotator_1,audit_001_0110,0000532,fall_harness,uncertain,uncertain,true,yes,dual_annotator_agreement,True
ai_annotator_2,audit_001_0110,0000532,fall_harness,uncertain,uncertain,true,yes,dual_annotator_agreement,True
model_assisted_bootstrap,audit_001_0111,0000537,fall_harness,compliant,compliant,true,no,dual_annotator_agreement,True
florence_grounding,audit_001_0111,0000537,fall_harness,compliant,violation,false,no,dual_annotator_agreement,True
ai_annotator_1,audit_001_0111,0000537,fall_harness,compliant,compliant,true,no,dual_annotator_agreement,True
ai_annotator_2,audit_001_0111,0000537,fall_harness,compliant,compliant,true,no,dual_annotator_agreement,True
model_assisted_bootstrap,audit_001_0112,0000542,fall_harness,violation,compliant,false,yes,dual_annotator_agreement,True
florence_grounding,audit_001_0112,0000542,fall_harness,violation,violation,true,yes,dual_annotator_agreement,True
ai_annotator_1,audit_001_0112,0000542,fall_harness,violation,violation,true,yes,dual_annotator_agreement,True
ai_annotator_2,audit_001_0112,0000542,fall_harness,violation,violation,true,yes,dual_annotator_agreement,True
model_assisted_bootstrap,audit_001_0113,0000014,struck_by_equipment,compliant,compliant,true,no,dual_annotator_agreement,True
florence_grounding,audit_001_0113,0000014,struck_by_equipment,compliant,violation,false,no,dual_annotator_agreement,True
ai_annotator_1,audit_001_0113,0000014,struck_by_equipment,compliant,compliant,true,no,dual_annotator_agreement,True
ai_annotator_2,audit_001_0113,0000014,struck_by_equipment,compliant,compliant,true,no,dual_annotator_agreement,True
model_assisted_bootstrap,audit_001_0114,0000017,struck_by_equipment,violation,compliant,false,yes,returned_adjudication,True
florence_grounding,audit_001_0114,0000017,struck_by_equipment,violation,violation,true,yes,returned_adjudication,True
ai_annotator_1,audit_001_0114,0000017,struck_by_equipment,violation,violation,true,yes,returned_adjudication,True
ai_annotator_2,audit_001_0114,0000017,struck_by_equipment,violation,compliant,false,yes,returned_adjudication,True
model_assisted_bootstrap,audit_001_0115,0000044,struck_by_equipment,compliant,compliant,true,no,dual_annotator_agreement,True
florence_grounding,audit_001_0115,0000044,struck_by_equipment,compliant,violation,false,no,dual_annotator_agreement,True
ai_annotator_1,audit_001_0115,0000044,struck_by_equipment,compliant,compliant,true,no,dual_annotator_agreement,True
ai_annotator_2,audit_001_0115,0000044,struck_by_equipment,compliant,compliant,true,no,dual_annotator_agreement,True
model_assisted_bootstrap,audit_001_0116,0000048,struck_by_equipment,compliant,compliant,true,no,dual_annotator_agreement,True
florence_grounding,audit_001_0116,0000048,struck_by_equipment,compliant,violation,false,no,dual_annotator_agreement,True
ai_annotator_1,audit_001_0116,0000048,struck_by_equipment,compliant,compliant,true,no,dual_annotator_agreement,True
ai_annotator_2,audit_001_0116,0000048,struck_by_equipment,compliant,compliant,true,no,dual_annotator_agreement,True
model_assisted_bootstrap,audit_001_0117,0000051,struck_by_equipment,uncertain,compliant,false,yes,returned_adjudication,True
florence_grounding,audit_001_0117,0000051,struck_by_equipment,uncertain,violation,false,yes,returned_adjudication,True
ai_annotator_1,audit_001_0117,0000051,struck_by_equipment,uncertain,uncertain,true,yes,returned_adjudication,True
ai_annotator_2,audit_001_0117,0000051,struck_by_equipment,uncertain,compliant,false,yes,returned_adjudication,True
model_assisted_bootstrap,audit_001_0118,0000073,struck_by_equipment,compliant,compliant,true,no,dual_annotator_agreement,True
florence_grounding,audit_001_0118,0000073,struck_by_equipment,compliant,violation,false,no,dual_annotator_agreement,True
ai_annotator_1,audit_001_0118,0000073,struck_by_equipment,compliant,compliant,true,no,dual_annotator_agreement,True
ai_annotator_2,audit_001_0118,0000073,struck_by_equipment,compliant,compliant,true,no,dual_annotator_agreement,True
model_assisted_bootstrap,audit_001_0119,0000993,fall_harness,violation,violation,true,yes,dual_annotator_agreement,False
florence_grounding,audit_001_0119,0000993,fall_harness,violation,violation,true,yes,dual_annotator_agreement,False
ai_annotator_1,audit_001_0119,0000993,fall_harness,violation,violation,true,yes,dual_annotator_agreement,False
ai_annotator_2,audit_001_0119,0000993,fall_harness,violation,violation,true,yes,dual_annotator_agreement,False
model_assisted_bootstrap,audit_001_0120,0001530,fall_harness,violation,violation,true,no,dual_annotator_agreement,False
florence_grounding,audit_001_0120,0001530,fall_harness,violation,violation,true,no,dual_annotator_agreement,False
ai_annotator_1,audit_001_0120,0001530,fall_harness,violation,violation,true,no,dual_annotator_agreement,False
ai_annotator_2,audit_001_0120,0001530,fall_harness,violation,violation,true,no,dual_annotator_agreement,False
